{"pca": null, "random_state": 42, "num_splits": 3, "test_size": 0.25, "mean_score_": 0.8121430390337953, "std_score_": 0.016860227107927846}