{
    "num_partitions": 1,
    "random_state": 42,
    "num_trials": 10,
    "fit_time": 52.386297941207886,
    "score": 0.7557360937322262
}