{
    "num_partitions": 1,
    "random_state": 42,
    "num_trials": 10,
    "fit_time": 54.14407706260681,
    "score": 0.7349059265157547
}