HepG2_IC50_72h_5uM,HepG2_IC50_72h_10uM
0.0283983983215011,0.320555770687362
0.089279899108746,0.685773566770878
0.0445062100121143,0.322288349273117
