hepg2_ic50_72h_5um,hepg2_ic50_72h_10um
0.028398398321501078,0.32055577068736196
0.08927989910874604,0.685773566770878
0.044506210012114265,0.32228834927311734
