hepg2_ic50_72h_5um,hepg2_ic50_72h_10um
0.04996841443407799,0.2527361464419603
0.06581482789088419,0.8577516733003072
0.058443061430691785,0.26565829333479474
