ic50_hepg2_72h_5um,ic50_hepg2_72h_10um
0.10394542361761487,0.24723952480386693
0.6070190180298727,0.8393640245977163
0.06743270230968082,0.21302825626886157
