{"pca": null, "random_state": 42, "num_splits": 3, "test_size": 0.25, "mean_score_": 0.8444472194472196, "std_score_": 0.06352911437177018}